,City,Cloudiness,Country,Date,Humidity,Lat,Lng,Max Temp,Wind Speed
0,Kapaa,20,US,1553272298,73,22.08,-159.32,71.6,11.41
1,Constitucion,5,MX,1553272216,26,23.99,-104.67,64.0,5.82
2,Mataura,64,NZ,1553272207,89,-46.19,168.86,61.0,2.71
3,Vaini,0,IN,1553272353,70,15.34,74.49,68.83,2.93
4,Ballina,0,IE,1553272384,57,54.11,-9.15,48.2,20.8
5,Ushuaia,75,AR,1553270400,93,-54.81,-68.31,46.4,5.82
6,Bluff,48,AU,1553272548,86,-23.58,149.07,70.63,6.17
7,Talnakh,0,RU,1553272498,54,69.49,88.39,-5.15,2.59
8,Salalah,20,OM,1553269800,74,17.01,54.1,78.8,5.82
9,Hilo,90,US,1553272533,82,19.71,-155.08,66.2,15.79
10,Mar del Plata,64,AR,1553272410,47,-46.43,-67.52,70.45,9.98
11,Laerdalsoyri,75,NO,1553272224,86,61.1,7.48,42.01,27.51
12,Aksarka,44,RU,1553272549,67,66.56,67.8,10.24,4.72
13,Nouadhibou,40,MR,1553270400,64,20.93,-17.03,71.6,12.75
14,East London,40,ZA,1553270400,83,-33.02,27.91,71.6,11.41
15,Whitehorse,40,CA,1553272370,74,60.72,-135.06,39.99,14.99
16,Qaanaaq,0,GL,1553272550,74,77.48,-69.36,-25.58,11.54
17,Nikolskoye,90,RU,1553272187,55,59.7,30.79,39.2,13.42
18,Bambous Virieux,75,MU,1553272440,78,-20.34,57.76,82.4,14.99
19,Tokmak,80,UA,1553272551,85,47.26,35.7,47.05,15.79
20,Rikitea,64,PF,1553272366,98,-23.12,-134.97,79.0,17.13
21,Uva,8,RU,1553272294,87,56.98,52.19,32.0,3.15
22,Santiago,0,CL,1553272490,31,-33.44,-70.65,84.99,4.7
23,Nivala,12,FI,1553272505,57,63.93,24.96,33.01,1.99
24,Busselton,32,AU,1553272370,49,-33.64,115.35,55.99,18.81
25,Tual,64,ID,1553272553,99,-5.67,132.75,83.68,14.23
26,Port Alfred,8,ZA,1553272503,92,-33.59,26.89,69.01,1.01
27,Albany,90,US,1553272371,80,42.65,-73.75,39.99,10.29
28,Arraial do Cabo,75,BR,1553270400,39,-22.97,-42.02,80.6,14.99
29,Ribeira Grande,40,PT,1553270400,82,38.52,-28.7,62.6,9.17
30,Stromness,90,CA,1553272530,69,42.87,-79.55,41.0,20.8
31,Ambon,0,FR,1553272532,38,47.55,-2.56,61.0,5.82
32,Provideniya,88,RU,1553272554,100,64.42,-173.23,12.58,22.06
33,Puerto Ayora,0,EC,1553272272,74,-0.74,-90.35,82.4,8.05
34,Barrow,0,AR,1553272369,52,-38.31,-60.23,72.61,15.12
35,Souillac,0,FR,1553270400,35,45.6,-0.6,68.0,4.7
36,Oistins,75,BB,1553270400,74,13.07,-59.53,80.6,20.8
37,Coquimbo,75,CL,1553270400,82,-29.95,-71.34,59.0,14.99
38,Cherskiy,0,RU,1553272556,31,68.75,161.3,-21.53,4.38
39,Kodiak,1,US,1553272416,10,39.95,-94.76,55.0,6.62
40,Pangnirtung,20,CA,1553270400,47,66.15,-65.72,-13.01,14.99
41,San Rafael,0,AR,1553272558,22,-34.61,-68.33,75.49,8.08
42,Dikson,36,RU,1553272558,100,73.51,80.55,5.38,16.69
43,Hithadhoo,88,MV,1553272558,100,-0.6,73.08,85.84,5.95
44,Sao Filipe,0,CV,1553272558,93,14.9,-24.5,71.8,13.11
45,Ossora,36,RU,1553272558,87,59.24,163.07,22.21,11.77
46,Avarua,64,CK,1553272200,88,-21.21,-159.78,80.6,4.7
47,Punta Arenas,40,CL,1553272392,50,-53.16,-70.91,57.2,10.29
48,Store Heddinge,90,DK,1553272478,93,55.31,12.39,46.99,10.29
49,Hobart,75,AU,1553272395,82,-42.88,147.33,62.6,5.82
50,Fairbanks,75,US,1553272335,64,64.84,-147.72,43.0,6.93
51,Sungairaya,20,ID,1553272560,95,0.7,108.9,72.34,3.15
52,Barabai,68,ID,1553272560,98,-2.59,115.38,72.07,0.25
53,Marshall,40,US,1553272536,61,39.39,-87.69,52.0,12.75
54,Sergiyevsk,92,RU,1553272560,97,53.94,51.16,32.38,5.73
55,Camacupa,8,AO,1553272561,55,-12.02,17.48,73.51,2.93
56,Cape Town,0,ZA,1553272266,60,-33.93,18.42,71.6,14.99
57,Margate,75,AU,1553272514,82,-43.03,147.26,62.6,5.82
58,Nanortalik,88,GL,1553272429,99,60.14,-45.24,32.92,25.86
59,Castro,75,CL,1553270400,77,-42.48,-73.76,59.0,12.75
60,Santa Cruz do Capibaribe,20,BR,1553272562,86,-7.95,-36.21,81.61,5.61
61,Farah,92,AF,1553272562,51,32.37,62.11,56.59,3.94
62,Sala,48,SE,1553272543,42,59.92,16.61,50.0,10.29
63,Lekoni,0,GA,1553272563,74,-1.58,14.26,81.52,2.93
64,Jaicos,48,BR,1553272563,99,-7.36,-41.14,78.01,6.51
65,Faanui,88,PF,1553272563,100,-16.48,-151.75,83.41,9.19
66,Bredasdorp,20,ZA,1553272245,64,-34.53,20.04,70.0,11.41
67,Assiniboia,0,CA,1553272564,99,49.63,-105.99,33.46,8.52
68,Emmett,1,US,1553272543,57,43.87,-116.5,54.0,4.7
69,Khatanga,0,RU,1553272564,53,71.98,102.47,-18.47,3.49
70,Big Rapids,40,US,1553272524,55,43.7,-85.48,37.99,18.34
71,Broken Hill,92,AU,1553266800,18,-31.97,141.45,80.6,2.24
72,Butaritari,92,KI,1553272565,100,3.07,172.79,77.11,3.38
73,Vao,0,EE,1553272565,73,59.1,26.19,30.67,8.3
74,Hermanus,20,ZA,1553272245,73,-34.42,19.24,70.0,5.99
75,Mount Isa,40,AU,1553270400,54,-20.73,139.49,82.4,11.41
76,Lukulu,32,ZM,1553272566,28,-14.38,23.24,84.58,8.41
77,Hofn,75,IS,1553270400,60,64.25,-15.21,39.2,25.28
78,Northam,75,GB,1553272529,87,51.04,-4.21,54.0,9.17
79,Hualmay,8,PE,1553272457,71,-11.1,-77.61,77.92,4.94
80,Norman Wells,90,CA,1553270400,79,65.28,-126.83,19.4,10.29
81,Pekan,75,MY,1553266800,83,3.49,103.39,80.6,2.24
82,Tamandare,20,BR,1553272567,64,-8.28,-70.75,89.71,3.71
83,Comodoro Rivadavia,0,AR,1553270400,52,-45.87,-67.48,66.2,4.7
84,San-Pedro,48,CI,1553272568,73,4.75,-6.64,85.3,11.21
85,Codrington,90,AU,1553272297,94,-28.95,153.24,71.6,2.93
86,Ulu-Telyak,76,RU,1553272568,96,54.91,56.98,32.47,3.04
87,Yellowknife,20,CA,1553272132,96,62.45,-114.38,32.0,13.87
88,Sao Joao da Barra,90,BR,1553270400,78,-21.64,-41.05,77.0,11.41
89,Manono,36,CD,1553272590,68,-7.3,27.4,79.81,8.3
90,Lucapa,20,AO,1553272591,75,-8.42,20.74,75.49,4.38
91,Rancho Palos Verdes,75,US,1553272431,71,33.75,-118.37,59.0,2.37
92,New Norfolk,75,AU,1553272274,82,-42.78,147.06,62.6,5.82
93,Thompson,75,CA,1553270400,63,55.74,-97.86,28.4,8.05
94,Buchanan,75,LR,1553270400,66,5.88,-10.05,86.0,7.07
95,Chokurdakh,0,RU,1553272367,33,70.62,147.9,-22.79,3.71
96,Alofi,90,NU,1553270400,88,-19.06,-169.92,75.2,9.17
97,Clyde River,75,CA,1553270400,68,70.47,-68.59,-14.81,5.82
98,Victoria,75,BN,1553268600,88,5.28,115.24,77.0,4.7
99,Callaguip,20,PH,1553266800,73,18.07,120.49,77.0,5.82
100,Boa Vista,40,BR,1553270400,36,2.82,-60.67,93.2,13.87
101,Beringovskiy,36,RU,1553272594,81,63.05,179.32,-1.82,23.73
102,Yangjiang,92,CN,1553272594,100,21.85,111.96,70.99,8.97
103,Chernyshevskiy,80,RU,1553272615,89,63.01,112.47,21.49,5.39
104,Timbuktu,92,ML,1553272615,16,16.77,-3.01,87.1,4.16
105,Forecariah,75,GN,1553266800,40,9.43,-13.09,89.6,13.87
106,Klaksvik,64,FO,1553271600,65,62.23,-6.59,41.0,18.34
107,Carnarvon,36,ZA,1553272449,27,-30.97,22.13,66.04,2.82
108,Avera,1,US,1553272537,37,33.19,-82.53,61.0,6.93
109,Jamestown,68,AU,1553272352,85,-33.21,138.6,60.91,3.94
110,Beihai,0,CN,1553270400,41,38.95,121.19,42.8,8.95
111,Marsa Matruh,0,EG,1553270400,77,31.35,27.25,62.6,8.05
112,Arkhangelsk,75,RU,1553268600,80,64.54,40.54,35.6,6.71
113,Ilulissat,40,GL,1553269800,39,69.22,-51.1,-7.61,5.82
114,College,75,US,1553272557,64,64.86,-147.8,43.0,6.93
115,Iturama,68,BR,1553272513,79,-19.73,-50.2,80.44,9.53
116,Georgetown,75,GY,1553270400,66,6.8,-58.16,86.0,16.11
117,Ziarat,68,PK,1553272618,86,30.38,67.73,37.6,2.37
118,Haines Junction,48,CA,1553272618,84,60.75,-137.51,31.75,2.48
119,Mabaruma,8,GY,1553272619,61,8.2,-59.78,86.74,8.75
120,Lompoc,75,US,1553272577,87,34.64,-120.46,57.0,3.36
121,Vardo,90,US,1553272357,56,39.62,-77.74,48.99,20.8
122,Pevek,0,RU,1553272640,62,69.7,170.27,-21.26,5.5
123,Tilichiki,0,RU,1553272641,62,60.47,166.1,-8.03,2.93
124,Lebu,0,ET,1553272641,35,8.96,38.73,60.91,6.17
125,Batagay-Alyta,44,RU,1553272641,44,67.8,130.41,-16.94,2.59
126,Te Anau,12,NZ,1553272496,94,-45.41,167.72,47.41,2.48
127,Taoudenni,80,ML,1553272642,12,22.68,-3.98,85.84,8.08
128,Hasaki,75,JP,1553270539,61,35.73,140.83,48.2,6.93
129,Atambua,44,ID,1553272642,100,-9.11,124.89,78.01,2.04
130,Lavrentiya,88,RU,1553272643,100,65.58,-170.99,9.43,32.01
131,Jilib,0,SO,1553272643,69,0.49,42.79,82.51,13.44
132,Kieta,76,PG,1553272643,100,-6.22,155.63,78.37,3.27
133,Mildura,88,AU,1553272203,31,-34.18,142.16,78.01,6.93
134,Iquique,0,CL,1553270400,56,-20.22,-70.14,73.4,12.75
135,Saskylakh,76,RU,1553272644,84,71.97,114.09,-2.72,19.6
136,Ludvika,0,SE,1553272515,39,60.15,15.18,48.0,9.17
137,Guerrero Negro,0,MX,1553272644,56,27.97,-114.04,65.77,7.07
138,Ojinaga,1,US,1553272277,55,29.56,-104.41,66.2,5.82
139,Tabou,48,CI,1553272645,99,4.42,-7.36,83.14,16.8
140,Sabana de Torres,40,CO,1553270400,78,7.39,-73.5,80.6,9.17
141,Grafton,40,AU,1553272407,100,-29.69,152.93,68.0,2.24
142,Lakhipur,24,IN,1553272646,87,26.03,90.3,64.42,2.71
143,Opochka,0,RU,1553272646,60,56.71,28.66,33.55,20.27
144,Itoman,75,JP,1553270400,64,26.12,127.67,68.0,10.29
145,Flinders,40,AU,1553272535,100,-34.58,150.85,64.99,8.05
146,Chulman,32,RU,1553272647,46,56.84,124.9,-9.38,2.59
147,Ixtapa,5,MX,1553272515,50,20.71,-105.21,81.0,8.05
148,Kokopo,88,PG,1553272647,100,-4.34,152.27,78.19,5.06
149,Surgut,20,RU,1553268600,100,61.25,73.4,28.4,6.71
150,Beloye,76,RU,1553272648,94,54.58,42.45,31.93,8.63
151,Bouca,48,CF,1553272648,87,6.51,18.28,74.95,5.73
152,Hambantota,20,LK,1553267400,94,6.12,81.12,80.6,2.24
153,Petropavlovsk-Kamchatskiy,40,RU,1553266800,79,53.05,158.65,19.4,8.95
154,Kaitangata,76,NZ,1553272649,90,-46.28,169.85,54.79,3.04
155,Saint George,0,GR,1553269800,45,39.45,22.34,62.6,3.15
156,Graciano Sanchez,40,MX,1553269200,68,23.92,-99.28,71.6,13.87
157,Benghazi,100,LY,1553272394,93,32.12,20.07,63.52,21.61
158,Atuona,88,PF,1553272650,100,-9.8,-139.03,81.61,15.68
159,Mackenzie,1,CA,1553270400,79,55.34,-123.09,28.4,3.36
160,Atar,92,MR,1553266800,39,20.52,-13.05,93.2,9.17
161,Lagoa,0,PT,1553272629,48,37.14,-8.45,71.01,11.41
162,Phan Thiet,0,VN,1553272394,100,10.93,108.1,78.46,5.95
163,Norden,0,DE,1553272645,51,53.59,7.21,64.4,8.05
164,Itarema,80,BR,1553272651,88,-2.92,-39.92,81.97,8.41
165,Qaqortoq,90,GL,1553269800,78,60.72,-46.03,17.6,5.82
166,Berlevag,20,NO,1553269800,100,70.86,29.09,33.8,34.45
167,San Pedro del Pinatar,0,ES,1553272540,34,37.84,-0.79,66.2,11.41
168,Bolobo,48,CD,1553272652,69,-2.17,16.23,84.49,2.93
169,Guilin,90,CN,1553270400,76,25.28,110.29,51.8,11.18
170,Saint-Joseph,0,FR,1553272542,42,43.56,6.97,69.8,3.36
171,Saint-Philippe,90,CA,1553272370,93,45.36,-73.48,37.0,11.41
172,Balcesti,0,RO,1553270400,31,44.62,23.95,61.0,2.24
173,Karratha,92,AU,1553272510,67,-20.74,116.85,83.59,21.05
174,Bestobe,32,KZ,1553272654,67,52.5,73.1,19.24,3.38
175,Bykovo,56,RU,1553272655,82,49.76,45.39,36.88,4.94
176,Shahr-e Babak,0,IR,1553272655,50,30.12,55.12,46.87,9.08
177,Bethel,75,US,1553270160,80,60.79,-161.76,39.2,9.17
178,Sale,90,GB,1553272516,76,53.42,-2.32,55.0,10.29
179,Katsina,20,NG,1553272656,37,12.99,7.6,93.13,2.93
180,Westport,75,IE,1553272623,65,53.8,-9.52,50.0,25.28
181,Tiksi,76,RU,1553272657,75,71.64,128.87,4.84,5.5
182,Santa Maria,0,BR,1553266800,56,-29.69,-53.81,73.4,8.05
183,Pisco,0,PE,1553270400,30,-13.71,-76.2,71.6,9.17
184,Puerto Berrio,24,CO,1553272659,77,6.49,-74.4,83.32,2.37
185,Honningsvag,40,NO,1553269800,69,70.98,25.97,33.8,23.04
186,Waycross,1,US,1553272383,23,31.21,-82.35,64.0,10.29
187,Airai,24,TL,1553272659,90,-8.93,125.41,69.01,1.7
188,Narsaq,90,GL,1553269800,78,60.91,-46.05,17.6,5.82
189,Tasiilaq,40,GL,1553269800,67,65.61,-37.64,17.6,3.36
190,Severodvinsk,90,RU,1553270400,86,64.56,39.82,33.8,6.71
191,Poso,12,ID,1553272660,100,-1.4,120.75,79.36,3.71
192,Aitape,20,PG,1553272660,100,-3.15,142.36,78.37,7.07
193,Tateyama,32,JP,1553272586,81,36.66,137.31,43.0,0.92
194,Purushottampur,0,IN,1553272661,87,19.53,84.88,70.72,2.82
195,Biritiba-Mirim,90,BR,1553272080,82,-23.57,-46.04,75.2,13.87
196,Mumford,12,GH,1553272661,71,5.26,-0.76,85.3,9.19
197,Bemidji,1,US,1553272266,69,47.48,-94.89,35.6,4.38
198,Bathsheba,75,BB,1553270400,74,13.22,-59.52,80.6,20.8
199,Tuktoyaktuk,75,CA,1553271600,77,69.44,-133.03,-2.21,10.29
200,Letlhakane,8,BW,1553272662,31,-21.42,25.59,84.49,12.66
201,Vila Velha,40,BR,1553272571,70,-3.71,-38.6,86.0,11.41
202,Camacha,40,PT,1553270400,59,33.08,-16.33,64.4,19.46
203,Namibe,0,AO,1553272663,98,-15.19,12.15,78.82,2.59
204,Severo-Kurilsk,92,RU,1553272663,96,50.68,156.12,30.58,31.9
205,Mailani,0,IN,1553272663,38,28.29,80.34,70.0,11.54
206,Burnie,68,AU,1553272564,88,-41.05,145.91,63.0,1.01
207,Eyl,8,SO,1553272664,100,7.98,49.82,77.02,9.64
208,Bushehr,40,IR,1553272200,63,28.97,50.84,73.4,5.39
209,Jingdezhen,48,CN,1553272665,91,29.29,117.2,45.79,6.4
210,Boyuibe,90,BO,1553270400,93,-20.43,-63.28,64.4,4.94
211,Vestmannaeyjar,75,IS,1553270400,86,63.44,-20.27,33.8,40.26
212,Svetlaya,0,RU,1553272665,100,46.54,138.33,19.51,13.22
213,Dingle,0,PH,1553272665,89,11.0,122.67,75.04,11.32
214,Port Elizabeth,90,US,1553272625,61,39.31,-74.98,48.99,16.11
215,Plettenberg Bay,80,ZA,1553272631,92,-34.05,23.37,69.91,17.02
216,Nevsehir,0,TR,1553271600,39,38.62,34.71,50.0,9.17
217,Sasebo,75,JP,1553272392,87,33.18,129.67,51.01,4.7
218,Meridian,1,US,1553270280,38,32.36,-88.7,60.8,4.7
219,Bosaso,0,SO,1553272667,100,11.28,49.18,77.2,2.93
220,Isangel,92,VU,1553266800,94,-19.55,169.27,77.0,8.05
221,Chuy,64,UY,1553272667,92,-33.69,-53.46,67.57,5.17
222,Barcelona,0,ES,1553272431,34,41.38,2.18,68.0,10.29
223,Tynda,0,RU,1553272668,57,55.15,124.74,-7.67,2.48
224,Kovernino,76,RU,1553272668,91,57.13,43.81,31.39,7.29
225,Cibitoke,40,BI,1553266800,58,-2.89,29.12,86.0,2.24
226,Jasper,0,US,1553272577,41,33.83,-87.28,61.0,5.39
227,Rocha,80,UY,1553272669,61,-34.48,-54.34,69.82,5.39
228,Modasa,0,IN,1553272669,45,23.47,73.3,72.61,5.06
229,Geraldton,20,CA,1553270400,52,49.72,-86.95,19.4,11.41
230,Carlsbad,0,CZ,1553272564,47,50.23,12.87,64.4,6.93
231,Boromo,0,BF,1553272670,18,11.74,-2.93,98.17,3.6
232,Ponta do Sol,92,BR,1553272670,84,-20.63,-46.0,72.07,11.65
233,Bandarbeyla,48,SO,1553272670,100,9.49,50.81,78.55,8.08
234,Baykit,32,RU,1553272670,83,61.68,96.39,22.84,8.75
235,Lata,0,IN,1553272523,72,30.78,78.62,36.34,2.26
236,Coihueco,0,CL,1553270400,43,-36.63,-71.83,73.4,12.75
237,Hovd,0,NO,1553272610,45,63.83,10.7,48.99,28.86
238,Tezu,92,IN,1553272423,99,27.93,96.16,51.19,1.14
239,Virginia Beach,40,US,1553272529,41,36.85,-75.98,60.01,12.75
240,Nieuw Nickerie,88,SR,1553272685,90,5.94,-56.99,82.24,14.0
241,Esperance,75,TT,1553272243,52,10.24,-61.45,89.6,11.41
242,Avanigadda,0,IN,1553270400,78,16.02,80.92,82.4,7.63
243,Tuatapere,56,NZ,1553272207,89,-46.13,167.69,61.0,3.04
244,Gejiu,0,CN,1553272686,61,23.36,103.16,53.35,3.27
245,Kruisfontein,36,ZA,1553272686,84,-34.0,24.73,67.75,12.77
246,Ilula,8,TZ,1553272686,93,-7.68,36.04,63.43,2.26
247,Richards Bay,76,ZA,1553272686,100,-28.77,32.06,69.55,2.71
248,Mitsamiouli,20,KM,1553266800,66,-11.38,43.28,87.8,4.7
249,Coshocton,90,US,1553272653,80,40.27,-81.86,39.99,18.34
250,Cidreira,76,BR,1553272687,91,-30.17,-50.22,68.11,10.76
251,Pombas,24,BR,1553272688,74,-15.9,-54.74,85.57,8.19
252,Bacolod,44,PH,1553272688,86,10.68,122.95,74.14,7.63
253,Shimoda,75,JP,1553271773,62,34.7,138.93,53.6,3.36
254,Mahebourg,75,MU,1553272440,78,-20.41,57.7,82.4,14.99
255,Upernavik,36,GL,1553272689,100,72.79,-56.15,-10.37,6.06
256,Warrington,40,GB,1553272624,71,53.39,-2.59,55.0,13.87
257,Sassandra,56,CI,1553272689,97,4.95,-6.09,83.41,14.23
258,Labuhan,64,ID,1553272690,97,-2.54,115.51,72.43,2.15
259,Davila,20,PH,1553266800,73,18.47,120.58,77.0,5.82
260,Vanimo,92,PG,1553272690,100,-2.67,141.3,79.09,12.44
261,Cortez,1,US,1553272616,80,37.35,-108.58,39.2,6.93
262,Abalak,12,NE,1553272691,14,15.46,6.28,89.44,9.64
263,Longyearbyen,40,NO,1553271600,79,78.22,15.63,28.4,12.75
264,Belaya Gora,0,RU,1553272692,42,68.54,146.19,-27.11,2.93
265,Remanso,92,BR,1553272693,99,-9.62,-42.08,80.71,10.54
266,Ormara,64,PK,1553272693,91,25.21,64.64,72.43,7.4
267,Iqaluit,20,CA,1553272368,61,63.75,-68.52,-20.01,19.46
268,Sitka,92,US,1553272278,55,37.17,-99.65,55.0,11.99
269,Aripuana,56,BR,1553272694,83,-9.17,-60.63,83.32,2.71
270,Okhotsk,56,RU,1553272694,94,59.36,143.24,12.94,5.61
271,Portree,48,GB,1553272291,85,57.41,-6.19,44.01,15.01
272,Ambilobe,56,MG,1553272694,98,-13.19,49.05,72.97,1.59
273,Trat,12,TH,1553272695,100,12.25,102.51,81.34,5.61
274,Jaisalmer,0,IN,1553272695,37,26.91,70.91,71.89,8.75
275,Chicama,75,PE,1553270400,83,-7.84,-79.15,71.6,10.29
276,Putina,40,PE,1553270400,47,-14.91,-69.87,57.2,2.24
277,Angoche,24,MZ,1553272696,100,-16.23,39.91,81.07,4.61
278,Dalbandin,80,PK,1553272696,44,28.9,64.41,65.59,6.17
279,Shu,80,KZ,1553272696,32,43.6,73.76,52.72,13.78
280,Paamiut,88,GL,1553272697,97,61.99,-49.67,30.22,7.63
281,Ouango,20,CD,1553272697,69,4.31,22.55,84.22,1.03
282,Baturaja,68,ID,1553272697,97,-4.12,104.17,71.8,3.6
283,Najran,40,SA,1553270400,19,17.54,44.22,87.8,6.93
284,Mbaiki,0,CF,1553272698,88,3.87,17.99,77.56,2.15
285,Stykkisholmur,88,IS,1553272698,100,65.08,-22.73,33.64,8.75
286,Aras,0,YE,1553272698,57,14.28,44.38,55.69,3.49
287,Kahului,40,US,1553272429,77,20.89,-156.47,71.01,16.11
288,Novyy Urengoy,68,RU,1553272463,77,66.08,76.63,20.5,5.17
289,Zeya,0,RU,1553272699,57,53.74,127.27,-2.72,2.59
290,Baudh,0,IN,1553272699,82,20.84,84.32,73.42,2.59
291,Katsuura,75,JP,1553271097,52,33.93,134.5,46.4,14.99
292,Port Hedland,68,AU,1553270400,79,-20.31,118.58,84.2,19.46
293,Gingelom,0,BE,1553272666,42,50.75,5.13,68.0,3.36
294,San Ramon,20,NI,1553270400,64,12.92,-85.84,69.8,13.87
295,Manggar,48,ID,1553272721,97,-2.88,108.27,78.82,5.06
296,Natal,40,BR,1553270400,55,-5.81,-35.21,91.4,10.29
297,Adrar,0,DZ,1553270400,25,27.87,-0.29,75.2,9.17
298,Fort Saint James,32,CA,1553272722,71,54.43,-124.25,41.38,2.93
299,Inta,88,RU,1553272723,93,66.04,60.13,29.5,3.15
300,Makakilo City,90,US,1553272471,77,21.35,-158.09,73.4,3.36
301,Caceres,76,CO,1553272723,91,5.53,-74.53,72.52,2.15
302,Rio Gallegos,75,AR,1553270400,54,-51.62,-69.22,59.0,5.82
303,Moree,0,AU,1553272339,56,-29.46,149.84,73.4,13.87
304,Kununurra,0,AU,1553268600,48,-15.77,128.74,87.8,3.36
305,Chapais,90,CA,1553270940,86,49.78,-74.86,35.6,8.05
306,Khorixas,0,NA,1553272724,24,-20.37,14.96,82.69,6.4
307,Bertoua,76,CM,1553272724,70,4.58,13.68,79.54,3.04
308,Touros,40,BR,1553270400,70,-5.2,-35.46,86.0,11.41
309,Thohoyandou,92,ZA,1553272725,63,-22.97,30.46,76.39,10.42
310,Mahajanga,20,MG,1553266800,83,-15.72,46.32,84.2,6.93
311,Virtsu,0,EE,1553272563,64,58.57,23.51,41.0,8.05
312,Rome,0,IT,1553272564,37,41.89,12.48,69.8,8.05
313,Haapiti,40,PF,1553272389,83,-17.57,-149.87,78.8,2.24
314,Arlit,32,NE,1553272726,23,18.74,7.39,80.71,6.62
315,Kavieng,68,PG,1553272726,100,-2.57,150.8,83.41,7.63
316,Antofagasta,0,CL,1553270400,60,-23.65,-70.4,69.8,11.41
317,Quatre Cocos,75,MU,1553272440,78,-20.21,57.76,82.4,14.99
318,Mandal,0,MN,1553272727,59,48.82,106.5,1.69,3.38
319,Honolulu,75,US,1553272471,69,21.3,-157.86,73.4,10.29
320,Port Lincoln,0,AU,1553272727,100,-34.72,135.86,61.63,7.96
321,Cabo San Lucas,5,MX,1553272519,56,22.89,-109.91,77.0,4.7
322,San Patricio,0,PY,1553272503,65,-26.98,-56.83,77.83,3.6
323,Batemans Bay,64,AU,1553272504,97,-35.71,150.18,64.99,4.0
324,Nabire,92,ID,1553272728,99,-3.36,135.5,66.49,2.04
325,Booue,24,GA,1553272728,95,-0.09,11.94,75.85,3.27
326,Dicabisagan,68,PH,1553272729,100,17.08,122.42,68.65,4.5
327,Kalmunai,0,LK,1553272729,96,7.42,81.82,75.67,2.71
328,Ilhabela,76,BR,1553272729,100,-23.78,-45.36,75.31,15.79
329,San Cristobal,75,EC,1553272324,77,-0.39,-78.55,60.8,2.24
330,Umm Lajj,44,SA,1553272730,89,25.02,37.27,68.02,6.96
331,Matata,100,NZ,1553272624,95,-37.89,176.76,63.0,5.99
332,Bonavista,32,CA,1553272242,69,48.65,-53.11,37.99,10.0
333,Buta,44,CD,1553272731,91,2.79,24.73,73.42,3.27
334,Jinchang,68,CN,1553272731,64,38.52,102.19,19.51,2.82
335,Guerrero,90,AR,1553270400,72,-24.19,-65.45,66.2,5.82
336,Pringsewu,92,ID,1553272731,92,-5.36,104.98,74.14,2.37
337,Kenai,1,US,1553272324,89,60.55,-151.26,39.2,8.05
338,Papagaios,80,BR,1553272732,95,-19.45,-44.75,70.99,10.65
339,Las Margaritas,0,MX,1553272732,65,16.32,-91.98,70.81,5.61
340,Zhigansk,68,RU,1553272732,77,66.77,123.37,10.87,13.22
341,Golub-Dobrzyn,0,PL,1553272565,75,53.11,19.05,55.0,1.01
342,Poum,0,MK,1553270400,33,41.28,20.71,57.2,2.24
343,Port Keats,36,AU,1553272733,79,-14.25,129.55,86.29,13.22
344,Deputatskiy,8,RU,1553272733,62,69.3,139.9,-35.48,2.71
345,Aykhal,68,RU,1553272734,84,65.95,111.51,12.49,9.19
346,Beba,40,CU,1553269860,46,22.44,-79.73,73.4,11.41
347,Carupano,0,VE,1553272494,69,10.67,-63.26,82.42,13.0
348,Wajima,92,JP,1553272734,90,37.4,136.9,40.57,7.4
349,Phonhong,20,LA,1553270400,73,18.5,102.42,73.4,4.7
350,Fortuna,0,ES,1553272719,34,38.18,-1.13,66.2,11.41
351,Grand Gaube,75,MU,1553272440,78,-20.01,57.66,82.4,14.99
352,Half Moon Bay,90,US,1553272735,81,37.46,-122.43,53.01,5.82
353,Saldanha,0,PT,1553272736,27,41.42,-6.55,61.0,2.59
354,Lorengau,92,PG,1553272736,99,-2.02,147.27,82.51,8.19
355,Nhulunbuy,40,AU,1553272200,100,-12.18,136.78,73.4,13.87
356,Samarai,76,PG,1553272737,100,-10.62,150.67,81.79,11.1
357,Biograd na Moru,0,HR,1553270400,66,43.94,15.45,62.6,11.41
358,Komsomolskiy,68,RU,1553272740,95,67.55,63.78,21.67,3.6
359,Tiarei,40,PF,1553272389,83,-17.53,-149.33,78.8,2.24
360,Susanville,1,US,1553272663,69,40.42,-120.65,41.0,3.04
361,Valleyview,0,CA,1553272741,71,55.07,-117.28,51.37,4.38
362,Bad Harzburg,0,DE,1553272739,59,51.88,10.56,64.99,6.93
363,Basoko,24,CD,1553272741,76,1.23,23.61,81.88,0.92
364,Sayyan,0,YE,1553272742,51,15.17,44.32,57.49,2.93
365,Yinchuan,0,CN,1553272694,7,38.48,106.21,36.0,3.0
366,Udachnyy,80,RU,1553272742,71,66.42,112.4,13.21,5.95
367,Manaus,40,BR,1553270400,70,-3.13,-59.98,86.0,4.7
368,Brive-la-Gaillarde,0,FR,1553272743,40,45.16,1.53,56.14,2.37
369,Mount Gambier,75,AU,1553266800,88,-37.83,140.78,64.4,6.93
370,Marzuq,0,YE,1553272743,44,14.4,46.47,61.09,3.94
371,Pemba,75,MZ,1553270400,88,-12.97,40.52,82.4,5.82
372,Uyutne,20,UA,1553272743,98,45.2,33.3,48.04,15.01
373,Matara,75,PE,1553270400,57,-13.74,-72.9,51.8,2.48
374,Aktau,20,KZ,1553272200,93,43.65,51.16,44.6,6.71
375,Sept-Iles,90,CA,1553272410,86,50.2,-66.38,37.99,8.05
376,Palestine,1,US,1553272626,30,31.76,-95.63,72.0,3.71
377,Kangaatsiaq,24,GL,1553272744,100,68.31,-53.46,-4.7,2.48
378,Umba,0,RU,1553272744,71,66.69,34.34,19.69,5.28
379,Tonekabon,0,IR,1553270400,87,36.82,50.88,51.8,1.7
380,Kamenka,88,RU,1553272609,98,53.19,44.05,31.84,9.86
381,Ilebo,44,CD,1553272745,66,-4.33,20.59,81.61,5.06
382,Abha,0,SA,1553270400,55,18.22,42.5,68.0,5.82
383,Aklavik,90,CA,1553270400,84,68.22,-135.01,8.6,6.93
384,Gornopravdinsk,80,RU,1553272746,87,60.06,69.92,28.87,4.94
385,Ulladulla,90,AU,1553272229,100,-35.36,150.48,64.0,6.93
386,Karlskoga,0,SE,1553272733,65,59.33,14.52,54.0,13.87
387,Necochea,24,AR,1553272690,40,-38.55,-58.74,72.0,5.99
388,Honiara,8,SB,1553272747,100,-9.43,159.96,71.35,1.36
389,Anchorage,75,US,1553272620,69,61.22,-149.89,43.0,9.17
390,Bukene,32,TZ,1553272747,76,-4.23,32.89,70.54,1.92
391,Bara,0,NG,1553272747,28,10.41,10.6,93.13,4.38
392,Brae,92,GB,1553271600,75,60.4,-1.35,46.4,28.86
393,Bilibino,64,RU,1553272748,41,68.06,166.44,-14.42,2.37
394,Yulara,0,AU,1553270400,18,-25.24,130.99,84.2,8.05
395,Srivardhan,0,IN,1553272748,92,18.03,73.02,69.91,5.39
396,The Valley,20,AI,1553272303,61,18.22,-63.06,84.2,14.99
397,Visnes,75,NO,1553272624,93,59.36,5.22,46.0,26.4
398,Wuwei,0,CN,1553272749,67,37.93,102.64,15.55,2.37
399,Beaverlodge,20,CA,1553270400,79,55.21,-119.43,28.4,2.24
400,Ushumun,0,RU,1553272749,59,52.78,126.54,1.24,4.83
401,Manacapuru,75,BR,1553270400,89,-3.3,-60.62,84.2,4.7
402,Ilyich,32,RU,1553272750,71,44.09,41.37,24.1,1.59
403,Esil,0,KZ,1553272750,69,51.96,66.41,19.6,2.59
404,Finnsnes,75,NO,1553272310,47,69.23,17.98,36.0,5.82
405,Badacsonytomaj,0,HU,1553271300,41,46.81,17.51,60.8,4.7
406,Yerbogachen,80,RU,1553272635,91,61.28,108.01,26.71,5.95
407,Chichimila,75,MX,1553269500,47,20.62,-88.22,78.8,11.41
408,Akcakoca,0,TR,1553272751,72,41.09,31.12,36.61,1.92
409,Awbari,0,LY,1553272752,23,26.59,12.77,64.87,9.98
410,Hun,0,BE,1553272750,36,50.34,4.87,64.4,6.93
411,Tinqueux,0,FR,1553271371,36,49.25,3.99,63.0,11.41
412,Kisaran,0,ID,1553272752,92,2.98,99.62,78.82,4.38
413,Ahipara,20,NZ,1553272752,100,-35.17,173.16,58.3,2.82
414,Mohpa,20,IN,1553272200,48,21.31,78.83,86.0,2.24
415,Churapcha,0,RU,1553272753,44,62.0,132.43,-15.41,5.84
416,Havelock,1,US,1553272726,44,34.88,-76.9,63.0,17.22
417,Acapulco,20,MX,1553269860,48,16.86,-99.88,87.8,5.82
418,Agadir,0,MA,1553270400,18,30.42,-9.58,82.4,16.11
419,Fuerte Olimpo,12,BR,1553272754,79,-21.04,-57.87,86.02,4.16
420,Pathein,0,MM,1553272754,78,16.78,94.73,77.2,9.31
421,Beian,0,NO,1553272610,78,63.66,9.57,48.99,25.28
422,Aden,12,YE,1553272755,97,12.79,45.03,79.54,16.69
423,Halifax,90,CA,1553272517,93,44.65,-63.58,46.0,25.28
424,Talaya,0,RU,1553272529,63,55.79,84.89,30.99,4.47
425,Hervey Bay,0,AU,1553272509,88,-25.3,152.85,73.0,4.7
426,Haicheng,48,CN,1553272756,75,40.85,122.74,20.77,3.15
427,Pangoa,92,PE,1553272756,98,-12.12,-73.0,69.91,2.59
428,Luyang,0,CN,1553270400,70,31.88,117.26,46.4,8.95
429,Padang,40,ID,1553268600,83,-0.92,100.36,80.6,6.93
430,Ardino,0,BG,1553272212,44,41.58,25.13,59.0,5.82
431,Egvekinot,20,RU,1553272757,61,66.32,-179.17,-8.3,6.96
432,Doctor Arroyo,0,MX,1553272757,58,23.67,-100.18,64.42,5.39
433,Conceicao do Araguaia,76,BR,1553272757,99,-8.26,-49.26,80.44,4.16
434,Saint-Francois,0,FR,1553270400,28,46.42,3.91,68.0,4.16
435,Quelimane,40,MZ,1553270400,83,-17.88,36.89,80.6,9.17
436,Nome,1,US,1553272600,38,30.04,-94.42,73.4,6.93
437,Staryy Nadym,0,RU,1553272758,68,65.61,72.68,12.04,2.93
438,Khartoum,0,SD,1553270400,8,15.59,32.54,96.8,9.17
439,Chegdomyn,0,RU,1553272759,62,51.13,133.04,2.41,2.71
440,Sistranda,0,NO,1553272610,84,63.73,8.83,48.99,25.28
441,Ardmore,1,US,1553272744,43,34.99,-86.85,57.99,12.75
442,Namatanai,44,PG,1553272760,100,-3.66,152.44,81.7,3.6
443,Birao,0,CF,1553272760,14,10.3,22.78,87.37,9.19
444,Bafoulabe,80,ML,1553272760,27,13.81,-10.83,94.3,9.19
445,Derzhavinsk,100,KZ,1553272760,92,51.1,66.31,36.61,3.04
446,Yakeshi,20,CN,1553272761,65,49.28,120.73,6.64,2.93
447,Kaeo,8,NZ,1553272684,95,-35.1,173.78,57.0,2.71
448,Diapaga,20,BF,1553272761,17,12.07,1.79,94.12,4.94
449,Nokaneng,92,BW,1553272761,22,-19.66,22.19,90.79,7.63
450,Pauini,64,BR,1553272762,89,-7.71,-67.0,81.25,4.61
451,Ustye,0,RU,1553272762,67,58.76,27.79,31.12,14.67
452,Praya,75,ID,1553272200,94,-8.71,116.27,77.0,6.93
453,Nizhniy Tsasuchey,8,RU,1553272762,57,50.52,115.13,12.22,9.42
454,Novosergiyevka,36,RU,1553272763,84,52.08,53.65,27.52,9.31
455,Skjervoy,75,NO,1553268000,100,70.03,20.97,33.8,6.93
456,Havoysund,40,NO,1553271600,93,71.0,24.66,33.8,32.21
457,Los Llanos de Aridane,40,ES,1553271901,55,28.66,-17.92,66.2,20.8
458,Sungurlu,0,TR,1553272764,82,40.17,34.38,35.89,2.93
459,Tazovskiy,68,RU,1553272670,95,67.47,78.7,22.3,5.28
460,Poddorye,88,RU,1553272764,71,57.47,31.12,35.8,23.96
461,Rawson,0,AR,1553272764,42,-43.3,-65.11,75.31,10.87
462,Waingapu,32,ID,1553272765,94,-9.65,120.26,76.39,5.73
463,San Onofre,8,CO,1553272765,82,9.74,-75.52,85.57,4.94
464,Hami,56,CN,1553272765,55,42.84,93.51,34.09,1.48
465,Polovinnoye,0,RU,1553272765,61,54.79,65.99,11.86,2.93
466,Gat,12,SN,1553270400,57,14.69,-16.54,77.0,13.87
467,Mapimi,75,MX,1553272396,46,25.82,-103.85,73.99,4.7
468,Rosarito,75,CO,1553270400,100,4.91,-75.23,77.0,6.93
469,Yining,92,CN,1553272766,99,29.04,114.56,43.0,2.71
470,Prince Rupert,90,CA,1553270400,87,54.32,-130.32,44.6,6.93
471,Bonfim,90,BR,1553270400,78,-20.33,-44.24,71.6,6.93
472,Bremervorde,40,DE,1553272704,55,53.48,9.13,64.4,6.93
473,Henties Bay,0,NA,1553270527,84,-22.12,14.28,63.0,3.0
474,Alice Springs,0,AU,1553268600,19,-23.7,133.88,75.2,6.06
475,Waipawa,20,NZ,1553269097,90,-39.94,176.59,55.99,3.83
476,Pitimbu,75,BR,1553270400,55,-7.47,-34.81,89.6,9.17
477,Oriximina,36,BR,1553272768,79,-1.77,-55.87,84.04,4.05
478,Nago,0,IT,1553272745,22,45.88,10.89,66.99,2.24
479,Magaria,0,NE,1553272768,42,13.0,8.91,93.13,2.37
480,Zhezkazgan,90,KZ,1553272200,93,47.8,67.71,35.6,2.24
481,Dourbali,12,TD,1553272769,29,11.81,15.86,92.5,5.17
482,Batagay,8,RU,1553272769,35,67.65,134.64,-24.41,2.82
483,Velizh,88,RU,1553272769,57,55.61,31.2,34.36,24.29
484,Evensk,12,RU,1553272770,100,61.92,159.24,14.92,14.56
485,Grindavik,90,IS,1553272298,100,63.84,-22.43,35.01,36.91
486,Mao,20,DO,1553272534,48,19.55,-71.08,86.0,11.41
487,Santa Fe,0,AR,1553272593,31,-31.62,-60.7,78.01,3.0
488,Asaba,64,NG,1553272771,75,6.19,6.75,83.14,7.96
489,Anadyr,0,RU,1553272393,75,64.73,177.51,-18.01,22.37
490,Senanga,24,ZM,1553272772,26,-16.1,23.3,85.84,9.98
491,Kavaratti,0,IN,1553272772,100,10.57,72.64,83.95,9.64
492,Helena,1,US,1553272231,79,46.59,-112.04,37.99,2.59
493,Inverness,20,GB,1553271600,66,57.48,-4.23,53.01,21.92
494,Kargil,12,PK,1553272773,76,34.56,76.13,-1.19,1.36
495,Feicheng,24,CN,1553272773,49,36.18,116.77,37.24,5.95
496,Pahrump,1,US,1553272526,75,36.21,-115.98,57.99,3.49
497,Broome,75,GB,1553272756,76,52.47,1.45,54.0,12.75
498,Diamantino,44,BR,1553272773,84,-14.4,-56.44,82.15,4.94
499,Tura,24,IN,1553272620,87,25.52,90.21,64.42,2.71
500,Port Blair,0,IN,1553272774,100,11.67,92.75,83.5,10.31
501,Xinzhi,75,TW,1553272506,78,22.54,120.62,75.2,8.05
502,Imeni Poliny Osipenko,0,RU,1553272774,64,52.42,136.49,-8.84,3.38
503,Ewo,0,CG,1553272775,84,-0.88,14.81,79.72,1.92
504,Nalut,32,LY,1553272775,49,31.86,10.98,56.77,6.85
505,Chiredzi,100,ZW,1553272775,62,-21.05,31.67,78.82,13.0
506,Srednekolymsk,0,RU,1553272775,44,67.46,153.71,-14.78,2.82
507,Puerto Baquerizo Moreno,20,EC,1553270400,74,-0.9,-89.6,82.4,5.82
508,Port Hueneme,75,US,1553272758,76,34.15,-119.2,57.99,3.36
509,Port Macquarie,0,AU,1553272505,100,-31.43,152.91,71.01,2.48
510,Puma,56,TZ,1553272776,88,-5.0,34.76,63.61,4.16
511,Savonlinna,20,FI,1553271600,51,61.87,28.88,35.6,8.05
512,Mosquera,40,CO,1553270400,63,4.71,-74.23,62.6,4.7
513,Cap Malheureux,75,MU,1553272741,78,-19.98,57.61,82.4,14.99
514,Kovdor,0,RU,1553272777,73,67.56,30.47,27.07,7.4
515,Olinda,75,EC,1553272487,74,-2.03,-79.75,86.0,5.82
516,Llanes,0,ES,1553272576,69,43.42,-4.75,61.0,1.59
517,Ancud,75,CL,1553270400,77,-41.87,-73.83,59.0,12.75
518,Colares,0,PT,1553272541,80,38.8,-9.45,70.0,8.05
519,Buje,0,SI,1553272716,32,45.65,14.09,70.0,5.82
520,Cururupu,100,BR,1553272779,86,-1.82,-44.87,81.79,6.85
521,Bowen,90,AU,1553272696,88,-20.01,148.25,77.0,14.45
522,Chaplynka,56,UA,1553272779,76,46.36,33.54,46.42,15.79
523,Areosa,0,PT,1553272624,48,41.72,-8.86,68.0,8.05
524,Gravdal,75,NO,1553272717,93,59.79,5.78,46.99,18.34
525,Jalu,0,LY,1553272780,52,29.03,21.55,72.07,8.63
526,Bundaberg,8,AU,1553272509,88,-24.87,152.35,79.0,4.7
527,Luderitz,0,NA,1553272780,78,-26.65,15.16,63.07,9.31
528,Pangai,8,TO,1553272781,100,-19.8,-174.35,79.54,15.68
529,Stabat,40,ID,1553268600,94,3.76,98.46,78.8,6.93
530,Saurimo,24,AO,1553272781,53,-9.66,20.4,78.82,4.72
531,Nsunga,0,TZ,1553272781,84,-1.13,31.39,68.92,3.83
532,Staraya Russa,64,RU,1553272782,77,57.99,31.36,34.54,19.6
533,Sulphur,1,US,1553272402,40,30.24,-93.38,73.99,3.27
534,Mattru,0,SL,1553272782,46,7.62,-11.83,92.05,4.16
535,Wajir,20,KE,1553266800,30,1.75,40.07,98.6,9.17
536,Sao Gabriel,8,BR,1553272782,61,-30.34,-54.32,75.67,6.4
537,Inverell,0,AU,1553272782,72,-29.78,151.11,63.0,5.01
538,Faya,0,SA,1553270400,55,18.39,42.45,68.0,5.82
539,Banepa,20,NP,1553271600,45,27.63,85.52,62.6,2.24
540,Matamoros,75,US,1553272534,73,25.87,-97.51,75.99,13.87
541,Vila Franca do Campo,20,PT,1553270400,77,37.72,-25.43,62.6,8.05
542,Kenda,75,DZ,1553270400,70,35.66,5.57,51.8,11.41
543,Artigas,0,BR,1553272785,64,-30.4,-56.46,74.59,5.17
544,Picayune,1,US,1553272550,34,30.53,-89.68,69.01,5.82
545,Lavos,0,PT,1553272291,32,40.09,-8.83,69.01,12.75
546,San Matias,20,HN,1553271960,38,13.97,-86.63,75.2,13.87
547,Paramonga,48,PE,1553272786,93,-10.68,-77.82,70.27,8.3
548,Truth or Consequences,0,US,1553272307,24,33.13,-107.25,62.01,6.93
549,Namtsy,0,RU,1553270400,75,62.72,129.66,-16.61,4.47
550,Beloha,92,MG,1553272786,93,-25.17,45.06,72.43,10.76
551,Tsabong,0,BW,1553272787,32,-26.02,22.4,78.46,2.59
552,Daru,32,SL,1553272787,51,7.99,-10.85,88.0,5.73
553,Vilhena,90,BR,1553270400,100,-12.74,-60.15,75.2,4.7
554,Ahuimanu,75,US,1553272775,78,21.44,-157.84,73.4,8.05
555,Chipinge,12,ZW,1553272788,87,-20.19,32.62,71.17,5.95
556,Keningau,75,MY,1553272200,88,5.33,116.16,80.01,3.36
557,Camiri,90,BO,1553270400,93,-20.04,-63.52,64.4,3.49
558,Lat Yao,0,TH,1553272602,73,15.75,99.79,86.0,2.15
559,Rodrigues Alves,75,BR,1553270400,70,-7.74,-72.65,87.8,3.36
560,Jamkhed,0,IN,1553272789,34,18.74,75.31,69.37,6.73
561,Shelburne,90,CA,1553272682,92,44.08,-80.2,37.4,12.75
562,Weihai,76,CN,1553272789,89,37.5,122.11,43.72,12.21
563,Malanje,44,AO,1553272790,78,-9.54,16.35,76.57,2.71
564,Seredka,92,RU,1553272790,94,58.06,38.14,32.65,19.37
565,Antalaha,44,MG,1553272790,85,-14.9,50.28,81.34,9.75
566,Doha,0,QA,1553270400,64,25.29,51.53,73.4,14.99
567,Solginskiy,92,RU,1553272791,97,61.05,41.34,32.47,7.07
568,Barkhan,36,PK,1553272791,85,29.9,69.52,53.08,3.71
569,Nizwa,0,OM,1553272554,42,22.93,57.53,67.48,6.4
570,Houma,12,CN,1553272791,55,35.63,111.36,30.22,2.71
571,Veraval,0,FR,1553272745,45,49.65,0.71,62.6,3.36
572,Varhaug,75,NO,1553272698,93,58.61,5.65,46.0,19.46
